,rating,votes,runtime,gross
count,8179.0,8179.0,7041.0,460.0
mean,6.921176182907446,15124.062721604108,68.68853855986366,43.70186956521739
std,1.2202323628953267,70054.57769950523,47.25805601877425,82.4233039548971
min,1.1,5.0,1.0,0.0
25%,6.2,166.0,36.0,0.15
50%,7.1,789.0,60.0,6.145
75%,7.8,3772.0,95.0,46.9475
max,9.9,1713028.0,853.0,504.01
